svc_id,slug,source_fixed,source_dm,web_fixed_webp,web_fixed_avif,web_dm_webp,web_dm_avif,social_fixed_square,social_fixed_story,social_fixed_landscape,social_dm_square,social_dm_story,social_dm_landscape
"SVC-001","online-cyber-services","source/fixed-price/SVC-001-online-cyber-services.png","source/dm-quote/SVC-001-online-cyber-services.png","web/fixed-price/SVC-001-online-cyber-services.webp","web/fixed-price/SVC-001-online-cyber-services.avif","web/dm-quote/SVC-001-online-cyber-services.webp","web/dm-quote/SVC-001-online-cyber-services.avif","social/fixed-price/SVC-001-online-cyber-services-square.webp","social/fixed-price/SVC-001-online-cyber-services-story.webp","social/fixed-price/SVC-001-online-cyber-services-landscape.webp","social/dm-quote/SVC-001-online-cyber-services-square.webp","social/dm-quote/SVC-001-online-cyber-services-story.webp","social/dm-quote/SVC-001-online-cyber-services-landscape.webp"
"SVC-002","poster-flyer-design","source/fixed-price/SVC-002-poster-flyer-design.jpg","source/dm-quote/SVC-002-poster-flyer-design.png","web/fixed-price/SVC-002-poster-flyer-design.webp","web/fixed-price/SVC-002-poster-flyer-design.avif","web/dm-quote/SVC-002-poster-flyer-design.webp","web/dm-quote/SVC-002-poster-flyer-design.avif","social/fixed-price/SVC-002-poster-flyer-design-square.webp","social/fixed-price/SVC-002-poster-flyer-design-story.webp","social/fixed-price/SVC-002-poster-flyer-design-landscape.webp","social/dm-quote/SVC-002-poster-flyer-design-square.webp","social/dm-quote/SVC-002-poster-flyer-design-story.webp","social/dm-quote/SVC-002-poster-flyer-design-landscape.webp"
"SVC-003","business-email-setup","source/fixed-price/SVC-003-business-email-setup.png","source/dm-quote/SVC-003-business-email-setup.png","web/fixed-price/SVC-003-business-email-setup.webp","web/fixed-price/SVC-003-business-email-setup.avif","web/dm-quote/SVC-003-business-email-setup.webp","web/dm-quote/SVC-003-business-email-setup.avif","social/fixed-price/SVC-003-business-email-setup-square.webp","social/fixed-price/SVC-003-business-email-setup-story.webp","social/fixed-price/SVC-003-business-email-setup-landscape.webp","social/dm-quote/SVC-003-business-email-setup-square.webp","social/dm-quote/SVC-003-business-email-setup-story.webp","social/dm-quote/SVC-003-business-email-setup-landscape.webp"
"SVC-004","cv-cover-letter","source/fixed-price/SVC-004-cv-cover-letter.png","source/dm-quote/SVC-004-cv-cover-letter.png","web/fixed-price/SVC-004-cv-cover-letter.webp","web/fixed-price/SVC-004-cv-cover-letter.avif","web/dm-quote/SVC-004-cv-cover-letter.webp","web/dm-quote/SVC-004-cv-cover-letter.avif","social/fixed-price/SVC-004-cv-cover-letter-square.webp","social/fixed-price/SVC-004-cv-cover-letter-story.webp","social/fixed-price/SVC-004-cv-cover-letter-landscape.webp","social/dm-quote/SVC-004-cv-cover-letter-square.webp","social/dm-quote/SVC-004-cv-cover-letter-story.webp","social/dm-quote/SVC-004-cv-cover-letter-landscape.webp"
"SVC-005","google-business-profile","source/fixed-price/SVC-005-google-business-profile.png","source/dm-quote/SVC-005-google-business-profile.png","web/fixed-price/SVC-005-google-business-profile.webp","web/fixed-price/SVC-005-google-business-profile.avif","web/dm-quote/SVC-005-google-business-profile.webp","web/dm-quote/SVC-005-google-business-profile.avif","social/fixed-price/SVC-005-google-business-profile-square.webp","social/fixed-price/SVC-005-google-business-profile-story.webp","social/fixed-price/SVC-005-google-business-profile-landscape.webp","social/dm-quote/SVC-005-google-business-profile-square.webp","social/dm-quote/SVC-005-google-business-profile-story.webp","social/dm-quote/SVC-005-google-business-profile-landscape.webp"
"SVC-006","starter-digital-access","source/fixed-price/SVC-006-starter-digital-access.png","source/dm-quote/SVC-006-starter-digital-access.png","web/fixed-price/SVC-006-starter-digital-access.webp","web/fixed-price/SVC-006-starter-digital-access.avif","web/dm-quote/SVC-006-starter-digital-access.webp","web/dm-quote/SVC-006-starter-digital-access.avif","social/fixed-price/SVC-006-starter-digital-access-square.webp","social/fixed-price/SVC-006-starter-digital-access-story.webp","social/fixed-price/SVC-006-starter-digital-access-landscape.webp","social/dm-quote/SVC-006-starter-digital-access-square.webp","social/dm-quote/SVC-006-starter-digital-access-story.webp","social/dm-quote/SVC-006-starter-digital-access-landscape.webp"
"SVC-007","digital-strategy-consultation","source/fixed-price/SVC-007-digital-strategy-consultation.png","source/dm-quote/SVC-007-digital-strategy-consultation.png","web/fixed-price/SVC-007-digital-strategy-consultation.webp","web/fixed-price/SVC-007-digital-strategy-consultation.avif","web/dm-quote/SVC-007-digital-strategy-consultation.webp","web/dm-quote/SVC-007-digital-strategy-consultation.avif","social/fixed-price/SVC-007-digital-strategy-consultation-square.webp","social/fixed-price/SVC-007-digital-strategy-consultation-story.webp","social/fixed-price/SVC-007-digital-strategy-consultation-landscape.webp","social/dm-quote/SVC-007-digital-strategy-consultation-square.webp","social/dm-quote/SVC-007-digital-strategy-consultation-story.webp","social/dm-quote/SVC-007-digital-strategy-consultation-landscape.webp"
"SVC-008","professional-career","source/fixed-price/SVC-008-professional-career.png","source/dm-quote/SVC-008-professional-career.png","web/fixed-price/SVC-008-professional-career.webp","web/fixed-price/SVC-008-professional-career.avif","web/dm-quote/SVC-008-professional-career.webp","web/dm-quote/SVC-008-professional-career.avif","social/fixed-price/SVC-008-professional-career-square.webp","social/fixed-price/SVC-008-professional-career-story.webp","social/fixed-price/SVC-008-professional-career-landscape.webp","social/dm-quote/SVC-008-professional-career-square.webp","social/dm-quote/SVC-008-professional-career-story.webp","social/dm-quote/SVC-008-professional-career-landscape.webp"
"SVC-009","logo-branding","source/fixed-price/SVC-009-logo-branding.jpg","source/dm-quote/SVC-009-logo-branding.png","web/fixed-price/SVC-009-logo-branding.webp","web/fixed-price/SVC-009-logo-branding.avif","web/dm-quote/SVC-009-logo-branding.webp","web/dm-quote/SVC-009-logo-branding.avif","social/fixed-price/SVC-009-logo-branding-square.webp","social/fixed-price/SVC-009-logo-branding-story.webp","social/fixed-price/SVC-009-logo-branding-landscape.webp","social/dm-quote/SVC-009-logo-branding-square.webp","social/dm-quote/SVC-009-logo-branding-story.webp","social/dm-quote/SVC-009-logo-branding-landscape.webp"
"SVC-010","business-startup","source/fixed-price/SVC-010-business-startup.png","source/dm-quote/SVC-010-business-startup.png","web/fixed-price/SVC-010-business-startup.webp","web/fixed-price/SVC-010-business-startup.avif","web/dm-quote/SVC-010-business-startup.webp","web/dm-quote/SVC-010-business-startup.avif","social/fixed-price/SVC-010-business-startup-square.webp","social/fixed-price/SVC-010-business-startup-story.webp","social/fixed-price/SVC-010-business-startup-landscape.webp","social/dm-quote/SVC-010-business-startup-square.webp","social/dm-quote/SVC-010-business-startup-story.webp","social/dm-quote/SVC-010-business-startup-landscape.webp"
"SVC-011","social-media-management","source/fixed-price/SVC-011-social-media-management.jpg","source/dm-quote/SVC-011-social-media-management.png","web/fixed-price/SVC-011-social-media-management.webp","web/fixed-price/SVC-011-social-media-management.avif","web/dm-quote/SVC-011-social-media-management.webp","web/dm-quote/SVC-011-social-media-management.avif","social/fixed-price/SVC-011-social-media-management-square.webp","social/fixed-price/SVC-011-social-media-management-story.webp","social/fixed-price/SVC-011-social-media-management-landscape.webp","social/dm-quote/SVC-011-social-media-management-square.webp","social/dm-quote/SVC-011-social-media-management-story.webp","social/dm-quote/SVC-011-social-media-management-landscape.webp"
"SVC-012","website-design","source/fixed-price/SVC-012-website-design.jpg","source/dm-quote/SVC-012-website-design.png","web/fixed-price/SVC-012-website-design.webp","web/fixed-price/SVC-012-website-design.avif","web/dm-quote/SVC-012-website-design.webp","web/dm-quote/SVC-012-website-design.avif","social/fixed-price/SVC-012-website-design-square.webp","social/fixed-price/SVC-012-website-design-story.webp","social/fixed-price/SVC-012-website-design-landscape.webp","social/dm-quote/SVC-012-website-design-square.webp","social/dm-quote/SVC-012-website-design-story.webp","social/dm-quote/SVC-012-website-design-landscape.webp"
"SVC-013","cross-platform-growth","source/fixed-price/SVC-013-cross-platform-growth.png","source/dm-quote/SVC-013-cross-platform-growth.png","web/fixed-price/SVC-013-cross-platform-growth.webp","web/fixed-price/SVC-013-cross-platform-growth.avif","web/dm-quote/SVC-013-cross-platform-growth.webp","web/dm-quote/SVC-013-cross-platform-growth.avif","social/fixed-price/SVC-013-cross-platform-growth-square.webp","social/fixed-price/SVC-013-cross-platform-growth-story.webp","social/fixed-price/SVC-013-cross-platform-growth-landscape.webp","social/dm-quote/SVC-013-cross-platform-growth-square.webp","social/dm-quote/SVC-013-cross-platform-growth-story.webp","social/dm-quote/SVC-013-cross-platform-growth-landscape.webp"
"SVC-014","website-launch","source/fixed-price/SVC-014-website-launch.png","source/dm-quote/SVC-014-website-launch.png","web/fixed-price/SVC-014-website-launch.webp","web/fixed-price/SVC-014-website-launch.avif","web/dm-quote/SVC-014-website-launch.webp","web/dm-quote/SVC-014-website-launch.avif","social/fixed-price/SVC-014-website-launch-square.webp","social/fixed-price/SVC-014-website-launch-story.webp","social/fixed-price/SVC-014-website-launch-landscape.webp","social/dm-quote/SVC-014-website-launch-square.webp","social/dm-quote/SVC-014-website-launch-story.webp","social/dm-quote/SVC-014-website-launch-landscape.webp"
"SVC-015","business-digital-presence","source/fixed-price/SVC-015-business-digital-presence.png","source/dm-quote/SVC-015-business-digital-presence.png","web/fixed-price/SVC-015-business-digital-presence.webp","web/fixed-price/SVC-015-business-digital-presence.avif","web/dm-quote/SVC-015-business-digital-presence.webp","web/dm-quote/SVC-015-business-digital-presence.avif","social/fixed-price/SVC-015-business-digital-presence-square.webp","social/fixed-price/SVC-015-business-digital-presence-story.webp","social/fixed-price/SVC-015-business-digital-presence-landscape.webp","social/dm-quote/SVC-015-business-digital-presence-square.webp","social/dm-quote/SVC-015-business-digital-presence-story.webp","social/dm-quote/SVC-015-business-digital-presence-landscape.webp"
"SVC-016","premium-brand-tech","source/fixed-price/SVC-016-premium-brand-tech.png","source/dm-quote/SVC-016-premium-brand-tech.png","web/fixed-price/SVC-016-premium-brand-tech.webp","web/fixed-price/SVC-016-premium-brand-tech.avif","web/dm-quote/SVC-016-premium-brand-tech.webp","web/dm-quote/SVC-016-premium-brand-tech.avif","social/fixed-price/SVC-016-premium-brand-tech-square.webp","social/fixed-price/SVC-016-premium-brand-tech-story.webp","social/fixed-price/SVC-016-premium-brand-tech-landscape.webp","social/dm-quote/SVC-016-premium-brand-tech-square.webp","social/dm-quote/SVC-016-premium-brand-tech-story.webp","social/dm-quote/SVC-016-premium-brand-tech-landscape.webp"
