svc_id,code,slug,tier,name,tagline,pricing_type,currency,price_min,price_max,price_display,ideal_for,objective,includes,image,whatsapp,badge,active
"SVC-001","KDCNPACKAGE001","online-cyber-services","essential","Online Cyber & Digital Services","Fast access to essential online, government and digital services.","FROM","KES","250","","From KES 250","Individuals, students and job seekers","Fast and convenient access to essential online, government and digital services.","eCitizen phone number and email updates|KRA email updates|KRA PIN retrieval and new application|KRA return filing|KRA group PIN applications and approvals|KRA group PIN retrieval|SHA registration and related services|SHA dependant and number updates|Name updates on eCitizen|Certificate of Good Conduct application|Birth certificate applications|Vehicle class endorsement services|Passport application and replacement assistance|Driving licence renewal services|Smart Driving Licence renewal assistance|Archived driving licence assistance|NSSF registration and number retrieval|ID validation assistance through IPRS|HELB loan application and clearance certificate assistance|NCK licence renewal and examination-related services|TSC-related online services|CV and cover letter typing and updating|Computer certificate services|Document formatting and conversion|Computer skills training|Online computer training|Job search and application assistance","assets/services/online-cyber-services.webp","Hi KDCN, I'm interested in Online Cyber & Digital Services (from KES 250). Please share details.","","true"
"SVC-002","KDCNPACKAGE002","poster-flyer-design","essential","Poster & Flyer Design","Professional visual materials that attract attention.","FROM","KES","500","","From KES 500","Event organizers, businesses, individuals and organizations","Create professional visual materials designed to communicate clearly and attract attention.","Custom poster or flyer design|A4 and social-media formats|Up to 2 revision rounds|Print-ready PDF/PNG files|Standard turnaround: 24-48 hours","assets/services/poster-flyer-design.webp","Hi KDCN, I'd like a Poster & Flyer Design quote (from KES 500). Here's my project: ","","true"
"SVC-003","KDCNPACKAGE003","business-email-setup","essential","Business Email Setup","Look professional with branded email.","FIXED","KES","1000","1000","KES 1,000","Businesses with an existing domain name","Establish a professional business email system using your own domain.","Professional email address, e.g. info@yourbusiness.com|Setup on Gmail, Outlook and/or mobile devices|SPF and DKIM configuration|Basic email delivery configuration|Up to 1 year of setup support","assets/services/business-email-setup.webp","Hi KDCN, I need Business Email Setup (KES 1,000). My domain is: ","","true"
"SVC-004","KDCNPACKAGE004","cv-cover-letter","professional","CV & Cover Letter Package","Present your qualifications professionally.","FROM","KES","1500","","From KES 1,500","Job seekers, graduates and professionals","Present your qualifications in a professional, structured and application-ready format.","Professional CV development|ATS-friendly formatting|Tailored cover letter|LinkedIn profile optimization|Editable Word document|Final PDF version","assets/services/cv-cover-letter.webp","Hi KDCN, I want the CV & Cover Letter Package (from KES 1,500). My target role is: ","","true"
"SVC-005","KDCNPACKAGE005","google-business-profile","professional","Google Business Profile Setup","Get found on Google Search and Google Maps.","FIXED","KES","1500","1500","KES 1,500","Local businesses, shops and service providers","Improve your visibility across Google Search and Google Maps.","Google Business Profile creation or claim assistance|Business information optimization|Photos, hours and service configuration|Category and profile optimization|Local visibility guidance|Verification assistance (subject to Google's requirements)","assets/services/google-business-profile.webp","Hi KDCN, I need Google Business Profile Setup (KES 1,500). My business: ","","true"
"SVC-006","KDCNPACKAGE006","starter-digital-access","professional","Starter Digital Access Package","Essential digital, government and document services.","FIXED","KES","1500","1500","KES 1,500","Individuals, students and job seekers","Provide convenient access to essential digital, government and document services.","eCitizen and basic government service assistance|KRA PIN application, retrieval and updates|SHA and NSSF services|Document typing and formatting|Job application support|General online assistance","assets/services/starter-digital-access.webp","Hi KDCN, I'm interested in the Starter Digital Access Package (KES 1,500).","","true"
"SVC-007","KDCNPACKAGE007","digital-strategy-consultation","professional","Digital Strategy Consultation","Identify your digital position and plan growth.","FIXED","KES","1500","1500","KES 1,500 per session","Entrepreneurs and business owners","Identify your current digital position and establish a practical roadmap for growth.","1-hour one-on-one consultation|Video or voice session|Digital presence assessment|Opportunity and gap review|Practical action plan|Follow-up summary in PDF format","assets/services/digital-strategy-consultation.webp","Hi KDCN, I'd like a Digital Strategy Consultation (KES 1,500). My business: ","","true"
"SVC-008","KDCNPACKAGE008","professional-career","professional","Professional Career Package","Complete career support from preparation to submission.","FIXED","KES","3000","3000","KES 3,000","Job seekers and professionals","Provide practical career and digital application support from preparation through submission.","CV and cover letter development|Job application assistance|Application tracking support|Good Conduct application assistance|Academic, KUCCPS and HELB support|Document conversion and formatting","assets/services/professional-career.webp","Hi KDCN, I want the Professional Career Package (KES 3,000).","","true"
"SVC-009","KDCNPACKAGE009","logo-branding","professional","Logo & Branding Package","Establish a consistent visual identity.","FROM","KES","3000","","From KES 3,000","Startups, SMEs and businesses undergoing rebranding","Establish a consistent and recognizable visual identity.","Up to 3 initial logo concepts|Up to 2 revision rounds|High-resolution PNG, JPG and PDF files|Brand colour palette recommendation|Basic visual branding direction","assets/services/logo-branding.webp","Hi KDCN, I need the Logo & Branding Package (from KES 3,000). My business: ","","true"
"SVC-010","KDCNPACKAGE010","business-startup","professional","Business Startup Package","Launch your business with a professional foundation.","FIXED","KES","5000","5000","KES 5,000","Startups, SMEs and entrepreneurs","Support the initial business setup and establish a professional foundation.","Business name registration assistance|Company profile|Articles of Association support|KRA PIN assistance|Basic branding guidance","assets/services/business-startup.webp","Hi KDCN, I want the Business Startup Package (KES 5,000).","","true"
"SVC-011","KDCNPACKAGE011","social-media-management","professional","Social Media Management","Build a consistent social media presence.","FROM","KES","5000","","From KES 5,000/month","Businesses, brands and public-facing professionals","Build a consistent social media presence through structured content and account management.","Content creation|Posts, stories and short-form video content|Hashtag and content strategy|Audience engagement support|Monthly performance reporting|Platform support for Facebook, Instagram, TikTok and LinkedIn","assets/services/social-media-management.webp","Hi KDCN, I'm interested in Social Media Management (from KES 5,000/month).","","true"
"SVC-012","KDCNPACKAGE012","website-design","business","Website Design Package","Professional, responsive and accessible online presence.","FROM","KES","15000","","From KES 15,000","Small businesses, startups and organizations","Establish a professional, responsive and accessible online presence.","Custom website design|Mobile-responsive layout|Up to 5 standard pages|Home, About, Services, Contact and Blog structure|Basic SEO configuration|Contact form|Social media integration","assets/services/website-design.webp","Hi KDCN, I need the Website Design Package (from KES 15,000).","","true"
"SVC-013","KDCNPACKAGE013","cross-platform-growth","business","Cross-Platform Growth Bundle","Coordinated presence across multiple social platforms.","FIXED","KES","12000","12000","KES 12,000","Businesses, brands and creators","Establish a coordinated presence across multiple social platforms.","Instagram management|Facebook management|TikTok management|YouTube support|X management|Profile optimization|Content strategy|Hashtag research|Engagement support|Growth monitoring|Monthly performance reporting","assets/services/cross-platform-growth.webp","Hi KDCN, I want the Cross-Platform Growth Bundle (KES 12,000).","","true"
"SVC-014","KDCNPACKAGE014","website-launch","advanced","Website Launch Offer","Launch a professional website with essential infrastructure.","FIXED","KES","19999","19999","KES 19,999","Small businesses, startups and personal brands","Launch a professional website with the essential infrastructure required for online operations.","2-page website structure|Responsive and mobile-optimized design|1 year of hosting|Domain name|Business email accounts|Contact form|Speed optimization|Social media integration","assets/services/website-launch.webp","Hi KDCN, I'm interested in the Website Launch Offer (KES 19,999).","LIMITED OFFER","true"
"SVC-015","KDCNPACKAGE015","business-digital-presence","advanced","Business Digital Presence Package","Unified and professional digital identity.","FIXED","KES","20000","20000","KES 20,000","Growing businesses","Establish a unified and professional digital identity across key business channels.","Professional website|Logo design|Business email setup|WhatsApp Business optimization|Basic digital branding|Core online presence configuration","assets/services/business-digital-presence.webp","Hi KDCN, I want the Business Digital Presence Package (KES 20,000).","","true"
"SVC-016","KDCNPACKAGE016","premium-brand-tech","advanced","Premium Brand & Technology Package","Comprehensive digital identity with professional infrastructure.","FIXED","KES","35000","35000","KES 35,000","Established businesses, NGOs, organizations and brands","Build a comprehensive digital identity supported by professional technology infrastructure.","Advanced website development|Professional logo and brand identity|Designed company profile|Domain and hosting setup|Initial technical support|Up to 30 days of post-delivery support","assets/services/premium-brand-tech.webp","Hi KDCN, I'm interested in the Premium Brand & Technology Package (KES 35,000).","","true"
