svc_id,slug,name,pricing_type,currency,price,source_fixed,source_dm,web_fixed_webp,web_fixed_avif,web_dm_webp,web_dm_avif,social_fixed_square,social_fixed_story,social_fixed_landscape,social_dm_square,social_dm_story,social_dm_landscape
"SVC-001","business-startup","Business Startup","DM_QUOTE","KES","","source/fixed-price/SVC-001-business-startup.png","source/dm-quote/SVC-001-business-startup.png","web/fixed-price/SVC-001-business-startup.webp","web/fixed-price/SVC-001-business-startup.avif","web/dm-quote/SVC-001-business-startup.webp","web/dm-quote/SVC-001-business-startup.avif","social/fixed-price/SVC-001-business-startup-square.webp","social/fixed-price/SVC-001-business-startup-story.webp","social/fixed-price/SVC-001-business-startup-landscape.webp","social/dm-quote/SVC-001-business-startup-square.webp","social/dm-quote/SVC-001-business-startup-story.webp","social/dm-quote/SVC-001-business-startup-landscape.webp"
"SVC-002","business-email","Business Email","DM_QUOTE","KES","","source/fixed-price/SVC-002-business-email.png","source/dm-quote/SVC-002-business-email.png","web/fixed-price/SVC-002-business-email.webp","web/fixed-price/SVC-002-business-email.avif","web/dm-quote/SVC-002-business-email.webp","web/dm-quote/SVC-002-business-email.avif","social/fixed-price/SVC-002-business-email-square.webp","social/fixed-price/SVC-002-business-email-story.webp","social/fixed-price/SVC-002-business-email-landscape.webp","social/dm-quote/SVC-002-business-email-square.webp","social/dm-quote/SVC-002-business-email-story.webp","social/dm-quote/SVC-002-business-email-landscape.webp"
"SVC-003","business-presence","Business Presence","DM_QUOTE","KES","","source/fixed-price/SVC-003-business-presence.png","source/dm-quote/SVC-003-business-presence.png","web/fixed-price/SVC-003-business-presence.webp","web/fixed-price/SVC-003-business-presence.avif","web/dm-quote/SVC-003-business-presence.webp","web/dm-quote/SVC-003-business-presence.avif","social/fixed-price/SVC-003-business-presence-square.webp","social/fixed-price/SVC-003-business-presence-story.webp","social/fixed-price/SVC-003-business-presence-landscape.webp","social/dm-quote/SVC-003-business-presence-square.webp","social/dm-quote/SVC-003-business-presence-story.webp","social/dm-quote/SVC-003-business-presence-landscape.webp"
"SVC-004","cross-platform-bundle","Cross-Platform Bundle","DM_QUOTE","KES","","source/fixed-price/SVC-004-cross-platform-bundle.png","source/dm-quote/SVC-004-cross-platform-bundle.png","web/fixed-price/SVC-004-cross-platform-bundle.webp","web/fixed-price/SVC-004-cross-platform-bundle.avif","web/dm-quote/SVC-004-cross-platform-bundle.webp","web/dm-quote/SVC-004-cross-platform-bundle.avif","social/fixed-price/SVC-004-cross-platform-bundle-square.webp","social/fixed-price/SVC-004-cross-platform-bundle-story.webp","social/fixed-price/SVC-004-cross-platform-bundle-landscape.webp","social/dm-quote/SVC-004-cross-platform-bundle-square.webp","social/dm-quote/SVC-004-cross-platform-bundle-story.webp","social/dm-quote/SVC-004-cross-platform-bundle-landscape.webp"
"SVC-005","cv-cover-letter","CV & Cover Letter","DM_QUOTE","KES","","source/fixed-price/SVC-005-cv-cover-letter.png","source/dm-quote/SVC-005-cv-cover-letter.png","web/fixed-price/SVC-005-cv-cover-letter.webp","web/fixed-price/SVC-005-cv-cover-letter.avif","web/dm-quote/SVC-005-cv-cover-letter.webp","web/dm-quote/SVC-005-cv-cover-letter.avif","social/fixed-price/SVC-005-cv-cover-letter-square.webp","social/fixed-price/SVC-005-cv-cover-letter-story.webp","social/fixed-price/SVC-005-cv-cover-letter-landscape.webp","social/dm-quote/SVC-005-cv-cover-letter-square.webp","social/dm-quote/SVC-005-cv-cover-letter-story.webp","social/dm-quote/SVC-005-cv-cover-letter-landscape.webp"
"SVC-006","google-business-profile","Google Business Profile","DM_QUOTE","KES","","source/fixed-price/SVC-006-google-business-profile.png","source/dm-quote/SVC-006-google-business-profile.png","web/fixed-price/SVC-006-google-business-profile.webp","web/fixed-price/SVC-006-google-business-profile.avif","web/dm-quote/SVC-006-google-business-profile.webp","web/dm-quote/SVC-006-google-business-profile.avif","social/fixed-price/SVC-006-google-business-profile-square.webp","social/fixed-price/SVC-006-google-business-profile-story.webp","social/fixed-price/SVC-006-google-business-profile-landscape.webp","social/dm-quote/SVC-006-google-business-profile-square.webp","social/dm-quote/SVC-006-google-business-profile-story.webp","social/dm-quote/SVC-006-google-business-profile-landscape.webp"
"SVC-007","logo-branding","Logo & Branding","DM_QUOTE","KES","","source/fixed-price/SVC-007-logo-branding.jpg","source/dm-quote/SVC-007-logo-branding.png","web/fixed-price/SVC-007-logo-branding.webp","web/fixed-price/SVC-007-logo-branding.avif","web/dm-quote/SVC-007-logo-branding.webp","web/dm-quote/SVC-007-logo-branding.avif","social/fixed-price/SVC-007-logo-branding-square.webp","social/fixed-price/SVC-007-logo-branding-story.webp","social/fixed-price/SVC-007-logo-branding-landscape.webp","social/dm-quote/SVC-007-logo-branding-square.webp","social/dm-quote/SVC-007-logo-branding-story.webp","social/dm-quote/SVC-007-logo-branding-landscape.webp"
"SVC-008","online-services","Online Services","DM_QUOTE","KES","","source/fixed-price/SVC-008-online-services.png","source/dm-quote/SVC-008-online-services.png","web/fixed-price/SVC-008-online-services.webp","web/fixed-price/SVC-008-online-services.avif","web/dm-quote/SVC-008-online-services.webp","web/dm-quote/SVC-008-online-services.avif","social/fixed-price/SVC-008-online-services-square.webp","social/fixed-price/SVC-008-online-services-story.webp","social/fixed-price/SVC-008-online-services-landscape.webp","social/dm-quote/SVC-008-online-services-square.webp","social/dm-quote/SVC-008-online-services-story.webp","social/dm-quote/SVC-008-online-services-landscape.webp"
"SVC-009","poster-flyer","Poster & Flyer Design","FIXED","KES","2500","source/fixed-price/SVC-009-poster-flyer.jpg","source/dm-quote/SVC-009-poster-flyer.png","web/fixed-price/SVC-009-poster-flyer.webp","web/fixed-price/SVC-009-poster-flyer.avif","web/dm-quote/SVC-009-poster-flyer.webp","web/dm-quote/SVC-009-poster-flyer.avif","social/fixed-price/SVC-009-poster-flyer-square.webp","social/fixed-price/SVC-009-poster-flyer-story.webp","social/fixed-price/SVC-009-poster-flyer-landscape.webp","social/dm-quote/SVC-009-poster-flyer-square.webp","social/dm-quote/SVC-009-poster-flyer-story.webp","social/dm-quote/SVC-009-poster-flyer-landscape.webp"
"SVC-010","premium-brand-tech","Premium Brand & Tech","DM_QUOTE","KES","","source/fixed-price/SVC-010-premium-brand-tech.png","source/dm-quote/SVC-010-premium-brand-tech.png","web/fixed-price/SVC-010-premium-brand-tech.webp","web/fixed-price/SVC-010-premium-brand-tech.avif","web/dm-quote/SVC-010-premium-brand-tech.webp","web/dm-quote/SVC-010-premium-brand-tech.avif","social/fixed-price/SVC-010-premium-brand-tech-square.webp","social/fixed-price/SVC-010-premium-brand-tech-story.webp","social/fixed-price/SVC-010-premium-brand-tech-landscape.webp","social/dm-quote/SVC-010-premium-brand-tech-square.webp","social/dm-quote/SVC-010-premium-brand-tech-story.webp","social/dm-quote/SVC-010-premium-brand-tech-landscape.webp"
"SVC-011","professional-career","Professional Career","DM_QUOTE","KES","","source/fixed-price/SVC-011-professional-career.png","source/dm-quote/SVC-011-professional-career.png","web/fixed-price/SVC-011-professional-career.webp","web/fixed-price/SVC-011-professional-career.avif","web/dm-quote/SVC-011-professional-career.webp","web/dm-quote/SVC-011-professional-career.avif","social/fixed-price/SVC-011-professional-career-square.webp","social/fixed-price/SVC-011-professional-career-story.webp","social/fixed-price/SVC-011-professional-career-landscape.webp","social/dm-quote/SVC-011-professional-career-square.webp","social/dm-quote/SVC-011-professional-career-story.webp","social/dm-quote/SVC-011-professional-career-landscape.webp"
"SVC-012","social-media-management","Social Media Management","DM_QUOTE","KES","","source/fixed-price/SVC-012-social-media-management.jpg","source/dm-quote/SVC-012-social-media-management.png","web/fixed-price/SVC-012-social-media-management.webp","web/fixed-price/SVC-012-social-media-management.avif","web/dm-quote/SVC-012-social-media-management.webp","web/dm-quote/SVC-012-social-media-management.avif","social/fixed-price/SVC-012-social-media-management-square.webp","social/fixed-price/SVC-012-social-media-management-story.webp","social/fixed-price/SVC-012-social-media-management-landscape.webp","social/dm-quote/SVC-012-social-media-management-square.webp","social/dm-quote/SVC-012-social-media-management-story.webp","social/dm-quote/SVC-012-social-media-management-landscape.webp"
"SVC-013","starter-digital-access","Starter Digital Access","DM_QUOTE","KES","","source/fixed-price/SVC-013-starter-digital-access.png","source/dm-quote/SVC-013-starter-digital-access.png","web/fixed-price/SVC-013-starter-digital-access.webp","web/fixed-price/SVC-013-starter-digital-access.avif","web/dm-quote/SVC-013-starter-digital-access.webp","web/dm-quote/SVC-013-starter-digital-access.avif","social/fixed-price/SVC-013-starter-digital-access-square.webp","social/fixed-price/SVC-013-starter-digital-access-story.webp","social/fixed-price/SVC-013-starter-digital-access-landscape.webp","social/dm-quote/SVC-013-starter-digital-access-square.webp","social/dm-quote/SVC-013-starter-digital-access-story.webp","social/dm-quote/SVC-013-starter-digital-access-landscape.webp"
"SVC-014","strategy-consultation","Strategy Consultation","DM_QUOTE","KES","","source/fixed-price/SVC-014-strategy-consultation.png","source/dm-quote/SVC-014-strategy-consultation.png","web/fixed-price/SVC-014-strategy-consultation.webp","web/fixed-price/SVC-014-strategy-consultation.avif","web/dm-quote/SVC-014-strategy-consultation.webp","web/dm-quote/SVC-014-strategy-consultation.avif","social/fixed-price/SVC-014-strategy-consultation-square.webp","social/fixed-price/SVC-014-strategy-consultation-story.webp","social/fixed-price/SVC-014-strategy-consultation-landscape.webp","social/dm-quote/SVC-014-strategy-consultation-square.webp","social/dm-quote/SVC-014-strategy-consultation-story.webp","social/dm-quote/SVC-014-strategy-consultation-landscape.webp"
"SVC-015","website-design","Website Design","DM_QUOTE","KES","","source/fixed-price/SVC-015-website-design.jpg","source/dm-quote/SVC-015-website-design.png","web/fixed-price/SVC-015-website-design.webp","web/fixed-price/SVC-015-website-design.avif","web/dm-quote/SVC-015-website-design.webp","web/dm-quote/SVC-015-website-design.avif","social/fixed-price/SVC-015-website-design-square.webp","social/fixed-price/SVC-015-website-design-story.webp","social/fixed-price/SVC-015-website-design-landscape.webp","social/dm-quote/SVC-015-website-design-square.webp","social/dm-quote/SVC-015-website-design-story.webp","social/dm-quote/SVC-015-website-design-landscape.webp"
"SVC-016","website-promo","Website Promo","DM_QUOTE","KES","","source/fixed-price/SVC-016-website-promo.png","source/dm-quote/SVC-016-website-promo.png","web/fixed-price/SVC-016-website-promo.webp","web/fixed-price/SVC-016-website-promo.avif","web/dm-quote/SVC-016-website-promo.webp","web/dm-quote/SVC-016-website-promo.avif","social/fixed-price/SVC-016-website-promo-square.webp","social/fixed-price/SVC-016-website-promo-story.webp","social/fixed-price/SVC-016-website-promo-landscape.webp","social/dm-quote/SVC-016-website-promo-square.webp","social/dm-quote/SVC-016-website-promo-story.webp","social/dm-quote/SVC-016-website-promo-landscape.webp"
